tabnak,80918,ÌÏíÏ
fardaNews,100599,ÌÏíÏ
fardaNews,100600,ÌÏíÏ
fardaNews,100604,ÌÏíÏ
fardaNews,100608,ÌÏíÏ
fardaNews,100626,ÌÏíÏ
tabnak,81011,ÌÏíÏ
tabnak,81031,ÌÏíÏ
tabnak,81035,ÌÏíÏ
fardaNews,100657,ŞÏíãí
tabnak,81043,ÌÏíÏ
fardaNews,100699,ÌÏíÏ
tabnak,81110,ŞÏíãí
fardaNews,100745,ÌÏíÏ
fardaNews,100758,ÌÏíÏ
tabnak,81163,ŞÏíãí
fardaNews,100769,ÌÏíÏ
tabnak,81148,ŞÏíãí
tabnak,81152,ŞÏíãí
fardaNews,100791,ÌÏíÏ
fardaNews,100792,ÌÏíÏ
fardaNews,100793,ÌÏíÏ
fardaNews,100819,ÌÏíÏ
tabnak,81240,ŞÏíãí
tabnak,81166,ÌÏíÏ
fardaNews,100852,ÌÏíÏ
tabnak,81288,ŞÏíãí
fardaNews,100870,ÌÏíÏ
tabnak,81347,ÌÏíÏ
fardaNews,100896,ŞÏíãí
tabnak,81358,ÌÏíÏ
fardaNews,100904,ÌÏíÏ
fardaNews,100907,ÌÏíÏ
tabnak,81366,ŞÏíãí
tabnak,81659,ÌÏíÏ
fardaNews,101068,ÌÏíÏ
fardaNews,101095,ÌÏíÏ
tabnak,81742,ŞÏíãí
tabnak,81788,ÌÏíÏ
fardaNews,101687,ÌÏíÏ
tabnak,82862,ŞÏíãí
fardaNews,102423,ÌÏíÏ
fardaNews,102885,ÌÏíÏ
fardaNews,104032,ÌÏíÏ
tabnak,103748,ÌÏíÏ
fardaNews,112775,ŞÏíãí
fardaNews,127017,ÌÏíÏ
fardaNews,127026,ÌÏíÏ
khabaronline,111978,ŞÏíãí
khabaronline,111984,ÊŞÑíÈÇ ÌÏíÏ
khabaronline,112071,ÊŞÑíÈÇ ÌÏíÏ
khabaronline,112061,ÌÏíÏ
khabaronline,112088,ÊŞÑíÈÇ ÌÏíÏ
khabaronline,112073,ÌÏíÏ
khabaronline,112086,ÌÏíÏ
khabaronline,112093,ÌÏíÏ
khabaronline,112115,ÌÏíÏ
khabaronline,112137,ÌÏíÏ
khabaronline,112220,ÊŞÑíÈÇ ÌÏíÏ
fardaNews,127098,ÊŞÑíÈÇ ÌÏíÏ
fardaNews,127105,ÊŞÑíÈÇ ÌÏíÏ
fardaNews,127117,ÊŞÑíÈÇ ÌÏíÏ
fardaNews,127126,ÊŞÑíÈÇ ÌÏíÏ
fardaNews,127154,ÌÏíÏ
fardaNews,127159,ÌÏíÏ
khabaronline,112476,ÌÏíÏ
fardaNews,127184,ÌÏíÏ
fardaNews,127218,ÌÏíÏ
fardaNews,127284,ÌÏíÏ
fardaNews,127313,ŞÏíãí
khabaronline,112832,ÌÏíÏ
fardaNews,127333,ÌÏíÏ
khabaronline,113060,ÊŞÑíÈÇ ÌÏíÏ
fardaNews,127445,ÌÏíÏ
khabaronline,113481,ÌÏíÏ
fardaNews,127520,ŞÏíãí
fardaNews,127545,ÌÏíÏ
khabaronline,113718,ŞÏíãí
khabaronline,114179,ÊŞÑíÈÇ ÌÏíÏ
fardaNews,128292,ÌÏíÏ
fardaNews,128305,ÌÏíÏ
khabaronline,115182,ÌÏíÏ
fardaNews,128427,ÌÏíÏ
khabaronline,115569,ŞÏíãí
fardaNews,128877,ÌÏíÏ
fardaNews,129947,ÌÏíÏ
fardaNews,131757,ÌÏíÏ
khabaronline,121523,ÌÏíÏ
khabaronline,121607,ÌÏíÏ
fardaNews,132147,ŞÏíãí
khabaronline,122234,ÌÏíÏ
fardaNews,132556,ÌÏíÏ
khabaronline,122315,ŞÏíãí
fardaNews,132688,ÌÏíÏ
khabaronline,122481,ÌÏíÏ
fardaNews,132740,ÊŞÑíÈÇ ÌÏíÏ
fardaNews,132849,ÌÏíÏ
fardaNews,132966,ÌÏíÏ
fardaNews,133005,ÌÏíÏ
fardaNews,133162,ÌÏíÏ
fardaNews,133214,ÌÏíÏ
fardaNews,133324,ÌÏíÏ
tabnak,142932,ŞÏíãí
tabnak,143950,ÌÏíÏ
fardaNews,134494,ŞÏíãí
tabnak,144026,ÌÏíÏ
khabaronline,125426,ŞÏíãí
tabnak,144041,ŞÏíãí
fardaNews,134657,ÊŞÑíÈÇ ÌÏíÏ
tabnak,144437,ÌÏíÏ
fardaNews,134807,ŞÏíãí
tabnak,144820,ÌÏíÏ
fardaNews,135183,ÌÏíÏ
tabnak,145064,ŞÏíãí
fardaNews,136583,ÌÏíÏ
tabnak,147492,ÌÏíÏ
tabnak,147501,ÊŞÑíÈÇ ÌÏíÏ
khabaronline,130117,ÊŞÑíÈÇ ÌÏíÏ
tabnak,150382,ÌÏíÏ
khabaronline,132801,ŞÏíãí
fardaNews,139822,ÌÏíÏ
tabnak,151924,ŞÏíãí
khabaronline,138050,ÊŞÑíÈÇ ÌÏíÏ
tabnak,164940,ÌÏíÏ
khabaronline,159259,ÌÏíÏ
tabnak,172943,ŞÏíãí
tabnak,178877,ÌÏíÏ
khabaronline,164002,ÌÏíÏ
fardaNews,155797,ÌÏíÏ
fardaNews,155811,ÌÏíÏ
tabnak,179012,ŞÏíãí
khabaronline,164060,ŞÏíãí
fardaNews,155845,ÌÏíÏ
fardaNews,155850,ÌÏíÏ
khabaronline,164099,ÌÏíÏ
khabaronline,164129,ÌÏíÏ
tabnak,179170,ÌÏíÏ
tabnak,179176,ŞÏíãí
fardaNews,155894,ÌÏíÏ
fardaNews,155979,ŞÏíãí
tabnak,179367,ŞÏíãí
tabnak,179743,ÌÏíÏ
tabnak,179850,ÌÏíÏ
tabnak,180004,ÌÏíÏ
tabnak,180328,ÌÏíÏ
fardaNews,156500,ŞÏíãí
fardaNews,157044,ÌÏíÏ
khabaronline,168962,ÌÏíÏ
fardaNews,159197,ÌÏíÏ
khabaronline,169278,ÌÏíÏ
fardaNews,159210,ŞÏíãí
khabaronline,169282,ŞÏíãí
tabnak,185545,ŞÏíãí
tabnak,185658,ŞÏíãí
khabaronline,170253,ÌÏíÏ
tabnak,186791,ŞÏíãí
fardaNews,159833,ŞÏíãí
tabnak,188584,ÌÏíÏ
khabaronline,171851,ÌÏíÏ
tabnak,191519,ÌÏíÏ
khabaronline,174189,ÌÏíÏ
tabnak,191607,ÌÏíÏ
fardaNews,162318,ŞÏíãí
fardaNews,162348,ŞÏíãí
tabnak,191642,ŞÏíãí
khabaronline,174224,ÌÏíÏ
tabnak,201040,ÌÏíÏ
fardaNews,167886,ŞÏíãí
fardaNews,167914,ŞÏíãí
tabnak,203550,ÊŞÑíÈÇ ÌÏíÏ
fardaNews,170136,ŞÏíãí
khabaronline,184854,ŞÏíãí
fardaNews,171958,ÌÏíÏ
fardaNews,171985,ÌÏíÏ
tabnak,206312,ÌÏíÏ
fardaNews,172886,ÌÏíÏ
tabnak,206658,ŞÏíãí
fardaNews,173080,ÌÏíÏ
tabnak,206885,ÌÏíÏ
fardaNews,173099,ŞÏíãí
fardaNews,173102,ŞÏíãí
tabnak,206984,ÌÏíÏ
tabnak,207100,ÌÏíÏ
tabnak,207251,ÌÏíÏ
fardaNews,173540,ÌÏíÏ
tabnak,207437,ŞÏíãí
tabnak,207459,ÌÏíÏ
fardaNews,173906,ÌÏíÏ
tabnak,208219,ÌÏíÏ
fardaNews,174255,ÌÏíÏ
fardaNews,182203,ÌÏíÏ
fardaNews,182206,ÌÏíÏ
tabnak,218859,ÌÏíÏ
tabnak,218886,ÌÏíÏ
fardaNews,182226,ÌÏíÏ
tabnak,218903,ÌÏíÏ
tabnak,218905,ÌÏíÏ
fardaNews,182239,ÌÏíÏ
fardaNews,182242,ÌÏíÏ
tabnak,218926,ŞÏíãí
khabaronline,193656,ŞÏíãí
fardaNews,182250,ÌÏíÏ
tabnak,218938,ÌÏíÏ
fardaNews,182253,ÌÏíÏ
tabnak,218943,ÌÏíÏ
tabnak,218949,ÌÏíÏ
tabnak,218951,ÌÏíÏ
fardaNews,182260,ÌÏíÏ
fardaNews,182261,ŞÏíãí
khabaronline,193685,ÌÏíÏ
khabaronline,193696,ÌÏíÏ
fardaNews,182277,ÌÏíÏ
khabaronline,193705,ÌÏíÏ
khabaronline,193704,ÌÏíÏ
tabnak,218992,ÌÏíÏ
khabaronline,193724,ÌÏíÏ
fardaNews,182298,ÌÏíÏ
fardaNews,182311,ÌÏíÏ
khabaronline,193740,ŞÏíãí
khabaronline,193731,ŞÏíãí
fardaNews,182317,ÌÏíÏ
khabaronline,193764,ÌÏíÏ
fardaNews,182332,ŞÏíãí
fardaNews,182335,ÌÏíÏ
fardaNews,182338,ÌÏíÏ
tabnak,219024,ÌÏíÏ
khabaronline,193781,ŞÏíãí
fardaNews,182371,ÌÏíÏ
fardaNews,182376,ÌÏíÏ
tabnak,219064,ÌÏíÏ
fardaNews,182397,ŞÏíãí
tabnak,219087,ÌÏíÏ
fardaNews,182407,ÌÏíÏ
khabaronline,193806,ŞÏíãí
tabnak,219110,ŞÏíãí
tabnak,219119,ÌÏíÏ
khabaronline,193811,ŞÏíãí
tabnak,219128,ÌÏíÏ
fardaNews,182424,ŞÏíãí
fardaNews,182428,ÌÏíÏ
tabnak,219151,ÌÏíÏ
fardaNews,182435,ŞÏíãí
fardaNews,182436,ÌÏíÏ
tabnak,219091,ÌÏíÏ
khabaronline,193834,ÌÏíÏ
tabnak,219223,ÌÏíÏ
tabnak,219228,ÌÏíÏ
fardaNews,182518,ŞÏíãí
khabaronline,193820,ŞÏíãí
fardaNews,182533,ÌÏíÏ
khabaronline,193881,ŞÏíãí
fardaNews,182545,ŞÏíãí
fardaNews,182547,ÌÏíÏ
fardaNews,182554,ÌÏíÏ
tabnak,219267,ÌÏíÏ
tabnak,219269,ÌÏíÏ
fardaNews,182559,ŞÏíãí
tabnak,219270,ÌÏíÏ
tabnak,219272,ÌÏíÏ
fardaNews,182560,ÌÏíÏ
fardaNews,182574,ÌÏíÏ
fardaNews,182579,ŞÏíãí
fardaNews,182580,ÌÏíÏ
fardaNews,182581,ÌÏíÏ
khabaronline,193905,ŞÏíãí
tabnak,219286,ÊŞÑíÈÇ ÌÏíÏ
khabaronline,193918,ÌÏíÏ
fardaNews,182600,ÌÏíÏ
khabaronline,193920,ÌÏíÏ
fardaNews,182602,ŞÏíãí
tabnak,219321,ŞÏíãí
khabaronline,193940,ŞÏíãí
khabaronline,193950,ŞÏíãí
fardaNews,182630,ÌÏíÏ
fardaNews,182642,ŞÏíãí
khabaronline,193963,ŞÏíãí
tabnak,219462,ÌÏíÏ
tabnak,219473,ÌÏíÏ
khabaronline,193989,ÌÏíÏ
fardaNews,182749,ÌÏíÏ
fardaNews,182754,ÌÏíÏ
fardaNews,182777,ÌÏíÏ
khabaronline,194099,ÌÏíÏ
tabnak,219619,ÌÏíÏ
tabnak,219625,ÌÏíÏ
fardaNews,182856,ÌÏíÏ
tabnak,219650,ÌÏíÏ
khabaronline,194235,ŞÏíãí
fardaNews,183058,ŞÏíãí
tabnak,220003,ÌÏíÏ
fardaNews,183083,ŞÏíãí
tabnak,220036,ÌÏíÏ
fardaNews,183103,ÌÏíÏ
khabaronline,194315,ÌÏíÏ
tabnak,220090,ÌÏíÏ
fardaNews,183130,ŞÏíãí
fardaNews,183135,ÌÏíÏ
fardaNews,183142,ÌÏíÏ
tabnak,220158,ÌÏíÏ
khabaronline,194412,ŞÏíãí
khabaronline,194414,ŞÏíãí
fardaNews,183179,ÌÏíÏ
tabnak,220333,ÌÏíÏ
tabnak,220414,ÌÏíÏ
tabnak,220423,ÌÏíÏ
fardaNews,183314,ŞÏíãí
tabnak,220428,ÌÏíÏ
fardaNews,183317,ÌÏíÏ
khabaronline,194556,ÌÏíÏ
fardaNews,183385,ÌÏíÏ
tabnak,220530,ŞÏíãí
fardaNews,183434,ŞÏíãí
tabnak,220592,ÌÏíÏ
tabnak,220599,ÌÏíÏ
khabaronline,194679,ÌÏíÏ
fardaNews,183498,ÌÏíÏ
fardaNews,183520,ŞÏíãí
fardaNews,183555,ÌÏíÏ
tabnak,221056,ÌÏíÏ
fardaNews,183783,ŞÏíãí
tabnak,221063,ÌÏíÏ
fardaNews,183789,ŞÏíãí
khabaronline,194917,ŞÏíãí
khabaronline,194923,ŞÏíãí
fardaNews,183853,ÌÏíÏ
fardaNews,183879,ÌÏíÏ
tabnak,221153,ÌÏíÏ
khabaronline,195001,ÌÏíÏ
tabnak,221183,ŞÏíãí
fardaNews,183902,ŞÏíãí
fardaNews,184058,ÌÏíÏ
tabnak,221411,ŞÏíãí
tabnak,221534,ÌÏíÏ
fardaNews,184221,ÌÏíÏ
khabaronline,195523,ŞÏíãí
tabnak,222243,ÌÏíÏ
fardaNews,184819,ŞÏíãí
tabnak,222323,ÌÏíÏ
fardaNews,184882,ŞÏíãí
khabaronline,195845,ŞÏíãí
fardaNews,185000,ÌÏíÏ
tabnak,222525,ÌÏíÏ
fardaNews,185048,ŞÏíãí
fardaNews,185077,ÌÏíÏ
fardaNews,185290,ÌÏíÏ
fardaNews,185505,ÌÏíÏ
tabnak,223281,ŞÏíãí
fardaNews,185817,ÌÏíÏ
tabnak,223730,ŞÏíãí
tabnak,223794,ÌÏíÏ
tabnak,225510,ÌÏíÏ
fardaNews,187485,ÌÏíÏ
fardaNews,187823,ÌÏíÏ
tabnak,226847,ÌÏíÏ
fardaNews,188234,ÌÏíÏ
tabnak,227072,ÌÏíÏ
fardaNews,188238,ŞÏíãí
khabaronline,199164,ŞÏíãí
fardaNews,188521,ÌÏíÏ
fardaNews,188649,ÌÏíÏ
fardaNews,188756,ÌÏíÏ
fardaNews,188916,ÌÏíÏ
tabnak,227881,ŞÏíãí
fardaNews,188932,ÌÏíÏ
tabnak,227896,ŞÏíãí
khabaronline,199705,ŞÏíãí
tabnak,227933,ŞÏíãí
tabnak,228357,ÌÏíÏ
tabnak,228711,ÌÏíÏ
khabaronline,200400,ÌÏíÏ
fardaNews,190250,ŞÏíãí
fardaNews,190549,ÌÏíÏ
fardaNews,192634,ÌÏíÏ
fardaNews,192657,ÌÏíÏ
khabaronline,203020,ŞÏíãí
khabaronline,203040,ŞÏíãí
tabnak,232031,ÌÏíÏ
fardaNews,194399,ÌÏíÏ
khabaronline,205980,ÌÏíÏ
tabnak,235789,ÌÏíÏ
fardaNews,195555,ŞÏíãí
fardaNews,195622,ŞÏíãí
fardaNews,195647,ŞÏíãí
fardaNews,195681,ÌÏíÏ
tabnak,236676,ÌÏíÏ
fardaNews,201451,ÌÏíÏ
fardaNews,201660,ÌÏíÏ
khabaronline,213558,ÌÏíÏ
khabaronline,213566,ÌÏíÏ
fardaNews,202166,ÌÏíÏ
fardaNews,202204,ÌÏíÏ
fardaNews,205540,ÌÏíÏ
khabaronline,221439,ÌÏíÏ
fardaNews,206090,ÌÏíÏ
fardaNews,207505,ÌÏíÏ
fardaNews,207510,ŞÏíãí
khabaronline,223989,ŞÏíãí
khabaronline,223988,ŞÏíãí
fardaNews,209094,ÌÏíÏ
fardaNews,209197,ŞÏíãí
khabaronline,227394,ÌÏíÏ
fardaNews,209521,ŞÏíãí
khabaronline,229074,ÌÏíÏ
fardaNews,210988,ÌÏíÏ
fardaNews,211105,ÌÏíÏ
fardaNews,211183,ÌÏíÏ
fardaNews,211684,ÌÏíÏ
tabnak,263289,ÌÏíÏ
fardaNews,213591,ŞÏíãí
tabnak,265814,ÌÏíÏ
fardaNews,217153,ÌÏíÏ
tabnak,268251,ÌÏíÏ
khabaronline,239087,ÊŞÑíÈÇ ÌÏíÏ
fardaNews,217459,ŞÏíãí
tabnak,268506,ÌÏíÏ
fardaNews,217872,ŞÏíãí
fardaNews,218157,ÌÏíÏ
khabaronline,248067,ÌÏíÏ
khabaronline,256080,ÌÏíÏ
