tabnak,87270,ÌÏíÏ
fardaNews,104223,ÊŞÑíÈÇ ÌÏíÏ
tabnak,87281,ÌÏíÏ
tabnak,87332,ÌÏíÏ
fardaNews,104271,ÌÏíÏ
tabnak,87369,ŞÏíãí
tabnak,87379,ÌÏíÏ
tabnak,87398,ÌÏíÏ
tabnak,87405,ÌÏíÏ
fardaNews,104296,ÊŞÑíÈÇ ÌÏíÏ
fardaNews,104298,ÌÏíÏ
tabnak,87430,ÌÏíÏ
tabnak,87427,ÌÏíÏ
fardaNews,104310,ŞÏíãí
fardaNews,104312,ÌÏíÏ
fardaNews,104327,ÌÏíÏ
tabnak,87481,ŞÏíãí
fardaNews,104350,ÌÏíÏ
fardaNews,104355,ÌÏíÏ
fardaNews,104359,ÌÏíÏ
fardaNews,104364,ÌÏíÏ
fardaNews,104374,ÌÏíÏ
fardaNews,104378,ŞÏíãí
tabnak,87502,ÌÏíÏ
fardaNews,104380,ŞÏíãí
tabnak,87522,ÌÏíÏ
tabnak,87545,ÌÏíÏ
fardaNews,104433,ÌÏíÏ
fardaNews,104436,ŞÏíãí
tabnak,87574,ŞÏíãí
tabnak,87579,ÌÏíÏ
fardaNews,104455,ÌÏíÏ
fardaNews,104404,ÌÏíÏ
fardaNews,104469,ŞÏíãí
fardaNews,104477,ÊŞÑíÈÇ ÌÏíÏ
tabnak,87620,ÌÏíÏ
tabnak,87632,ÌÏíÏ
tabnak,87649,ŞÏíãí
tabnak,87658,ÌÏíÏ
fardaNews,104513,ŞÏíãí
tabnak,87705,ÌÏíÏ
tabnak,87712,ŞÏíãí
tabnak,87683,ÌÏíÏ
fardaNews,104608,ÌÏíÏ
tabnak,87782,ÌÏíÏ
tabnak,87775,ÌÏíÏ
tabnak,87847,ÌÏíÏ
fardaNews,104653,ÌÏíÏ
tabnak,87886,ŞÏíãí
fardaNews,104658,ÌÏíÏ
fardaNews,104678,ÌÏíÏ
tabnak,87931,ÌÏíÏ
tabnak,88029,ÌÏíÏ
tabnak,88224,ÌÏíÏ
tabnak,88225,ŞÏíãí
fardaNews,104870,ŞÏíãí
tabnak,88230,ÌÏíÏ
tabnak,88234,ŞÏíãí
fardaNews,104883,ŞÏíãí
fardaNews,104970,ÌÏíÏ
tabnak,88490,ÌÏíÏ
tabnak,88590,ÌÏíÏ
tabnak,88763,ÌÏíÏ
fardaNews,105206,ÌÏíÏ
fardaNews,105228,ŞÏíãí
tabnak,88889,ŞÏíãí
tabnak,89070,ÌÏíÏ
fardaNews,105674,ŞÏíãí
tabnak,89563,ŞÏíãí
fardaNews,106826,ÌÏíÏ
tabnak,91369,ŞÏíãí
tabnak,93354,ÌÏíÏ
tabnak,93362,ŞÏíãí
tabnak,94215,ŞÏíãí
fardaNews,108413,ŞÏíãí
fardaNews,108722,ÌÏíÏ
tabnak,94921,ÌÏíÏ
tabnak,96175,ÌÏíÏ
tabnak,99426,ÌÏíÏ
tabnak,100271,ÌÏíÏ
fardaNews,111210,ÌÏíÏ
tabnak,100369,ŞÏíãí
fardaNews,111477,ÌÏíÏ
tabnak,101020,ŞÏíãí
tabnak,101865,ÌÏíÏ
tabnak,101947,ŞÏíãí
fardaNews,111958,ŞÏíãí
tabnak,104800,ŞÏíãí
tabnak,105133,ÌÏíÏ
fardaNews,113538,ÌÏíÏ
tabnak,105254,ÌÏíÏ
fardaNews,113540,ŞÏíãí
fardaNews,113547,ÌÏíÏ
fardaNews,113553,ŞÏíãí
tabnak,105329,ŞÏíãí
tabnak,105360,ŞÏíãí
tabnak,105417,ÌÏíÏ
fardaNews,113712,ÌÏíÏ
tabnak,105517,ÌÏíÏ
tabnak,105664,ÌÏíÏ
tabnak,105853,ÌÏíÏ
fardaNews,114030,ŞÏíãí
tabnak,106172,ÌÏíÏ
fardaNews,115703,ÌÏíÏ
tabnak,109151,ÌÏíÏ
fardaNews,115739,ŞÏíãí
tabnak,109165,ÌÏíÏ
tabnak,109168,ÌÏíÏ
tabnak,121236,ÌÏíÏ
