fardaNews,132453,лоМо
fardaNews,132454,лоМо
khabaronline,122118,лоМо
khabaronline,122126,лоМо
khabaronline,122137,лоМо
khabaronline,122140,лоМо
fardaNews,132475,лоМо
fardaNews,132477,лоМо
fardaNews,132479,лоМо
fardaNews,132481,лоМо
khabaronline,122156,чоМЦМ
fardaNews,132482,лоМо
khabaronline,122158,лоМо
khabaronline,122160,чоМЦМ
fardaNews,132500,лоМо
fardaNews,132505,лоМо
khabaronline,122166,лоМо
khabaronline,122168,лоМо
fardaNews,132513,лоМо
khabaronline,122188,чоМЦМ
khabaronline,122197,чоМЦМ
fardaNews,132531,лоМо
fardaNews,132533,лоМо
fardaNews,132534,лоМо
fardaNews,132542,лоМо
khabaronline,122245,чоМЦМ
khabaronline,122265,лоМо
fardaNews,132597,лоМо
fardaNews,132602,лоМо
fardaNews,132614,лоМо
fardaNews,132623,лоМо
fardaNews,132789,лоМо
fardaNews,132862,лоМо
fardaNews,132863,лоМо
fardaNews,132885,лоМо
fardaNews,132923,лоМо
khabaronline,122902,чоМЦМ
fardaNews,132986,лоМо
fardaNews,133035,чоМЦМ
fardaNews,133115,лоМо
fardaNews,133238,лоМо
khabaronline,123719,лоМо
fardaNews,133447,лоМо
khabaronline,123751,лоМо
tabnak,143027,лоМо
khabaronline,124227,лоМо
tabnak,143103,лоМо
fardaNews,133867,чоМЦМ
tabnak,143219,лоМо
tabnak,143243,лоМо
tabnak,143353,лоМо
tabnak,143852,лоМо
tabnak,143901,лоМо
tabnak,144475,лоМо
tabnak,144569,лоМо
tabnak,144783,лоМо
tabnak,145204,лоМо
tabnak,145260,лоМо
fardaNews,135589,лоМо
tabnak,145590,йчяМхг лоМо
tabnak,145608,лоМо
khabaronline,127367,лоМо
tabnak,145649,чоМЦМ
fardaNews,135705,чоМЦМ
fardaNews,138489,лоМо
tabnak,149979,чоМЦМ
tabnak,151663,лоМо
tabnak,153978,лоМо
tabnak,171150,лоМо
tabnak,174746,лоМо
tabnak,175772,лоМо
fardaNews,156866,лоМо
khabaronline,165990,лоМо
tabnak,193795,лоМо
fardaNews,163576,чоМЦМ
tabnak,212871,лоМо
fardaNews,181798,лоМо
tabnak,218232,чоМЦМ
